{
    "evaluation_frequency": {
        "frequency": 1,
        "period": "epoch"
    },
    "test": {
        "RISPOSTE": {
            "loss": [
                1.090441346168518,
                0.9547834992408752
            ],
            "next_token_perplexity": [
                16400.38671875,
                15935.306640625
            ],
            "perplexity": [
                31986.701171875,
                31989.140625
            ],
            "sequence_accuracy": [
                0.0,
                0.0
            ],
            "token_accuracy": [
                7.658033428015187e-05,
                8.129276830004528e-05
            ]
        },
        "combined": {
            "loss": [
                1.090441346168518,
                0.9547834992408752
            ]
        }
    },
    "training": {
        "RISPOSTE": {
            "loss": [
                1.3409972190856934,
                1.0414735078811646
            ],
            "next_token_perplexity": [
                17115.291015625,
                16175.228515625
            ],
            "perplexity": [
                31986.73046875,
                31990.57421875
            ],
            "sequence_accuracy": [
                0.0,
                0.0
            ],
            "token_accuracy": [
                8.283393253805116e-05,
                5.9521345974644646e-05
            ]
        },
        "combined": {
            "loss": [
                1.3409972190856934,
                1.0414735078811646
            ]
        }
    },
    "validation": {
        "RISPOSTE": {
            "loss": [
                1.140033483505249,
                1.0010409355163574
            ],
            "next_token_perplexity": [
                16500.412109375,
                16051.095703125
            ],
            "perplexity": [
                31988.92578125,
                31988.166015625
            ],
            "sequence_accuracy": [
                0.0,
                0.0
            ],
            "token_accuracy": [
                9.112574480241165e-05,
                0.00013522483641281724
            ]
        },
        "combined": {
            "loss": [
                1.140033483505249,
                1.0010409355163574
            ]
        }
    }
}