{
    "evaluation_frequency": {
        "frequency": 1,
        "period": "epoch"
    },
    "test": {},
    "training": {
        "RISPOSTE": {
            "loss": [
                7.441994667053223,
                7.4263715744018555,
                7.311931133270264,
                7.415767192840576,
                7.414132595062256,
                7.382895469665527,
                7.283485412597656,
                7.403107643127441,
                6.902469635009766,
                6.9205827713012695,
                7.206273555755615,
                7.113819122314453,
                7.0125956535339355,
                6.922395706176758,
                6.909364700317383,
                6.913586139678955,
                6.77542781829834,
                6.745500087738037,
                6.897678375244141,
                6.7975921630859375,
                6.814739227294922,
                6.332490921020508,
                6.47270393371582,
                6.641693592071533,
                6.470053672790527,
                6.6493330001831055,
                6.68619966506958,
                6.342209815979004,
                6.576330184936523,
                6.429349899291992,
                6.355221748352051,
                6.395522117614746,
                6.274773120880127,
                6.508482456207275,
                6.310547351837158,
                5.835509777069092,
                6.046421051025391,
                6.054779052734375,
                5.899944305419922,
                6.08769416809082,
                5.972154140472412,
                6.019158363342285,
                6.035897254943848,
                5.944253921508789,
                5.971489429473877,
                5.708368301391602,
                5.631761074066162,
                5.73394250869751,
                5.71035099029541,
                5.752773284912109,
                5.450763702392578,
                5.523660659790039,
                5.389403343200684,
                5.496984481811523,
                5.280251502990723,
                5.489190101623535,
                5.522703647613525,
                5.432207107543945,
                5.235516548156738,
                5.300294399261475,
                5.230537414550781,
                5.057925224304199,
                5.124263763427734,
                5.251774787902832,
                5.13919734954834,
                5.073060512542725,
                5.170733451843262,
                4.982687473297119,
                5.159293174743652,
                4.869495391845703,
                4.904219150543213,
                4.891182899475098,
                4.888100624084473,
                4.709596633911133,
                4.825678825378418,
                4.9207282066345215,
                4.880504608154297,
                4.7889580726623535,
                4.696775436401367,
                4.4515557289123535,
                4.696124076843262,
                4.472580909729004,
                4.492860794067383,
                4.570539474487305,
                4.3731913566589355,
                4.518073081970215,
                4.545035362243652,
                4.487093448638916,
                4.632196426391602,
                4.55528450012207,
                4.5240397453308105,
                4.40262508392334,
                4.429458141326904,
                4.504127025604248,
                4.4531426429748535,
                4.317993640899658,
                4.432300090789795,
                4.388678073883057,
                3.9602034091949463,
                4.279122352600098
            ],
            "next_token_perplexity": [
                28509.099609375,
                28384.177734375,
                28326.298828125,
                28323.71875,
                28382.4609375,
                28248.953125,
                27990.609375,
                28371.802734375,
                28114.34765625,
                28002.755859375,
                28139.88671875,
                28309.630859375,
                28464.3515625,
                28170.908203125,
                28142.408203125,
                28373.73828125,
                28195.107421875,
                28207.181640625,
                28287.658203125,
                28353.205078125,
                27984.03125,
                27686.15625,
                27919.203125,
                28155.9375,
                27762.80859375,
                28288.92578125,
                28195.27734375,
                27787.61328125,
                28070.9453125,
                27954.75,
                28025.4921875,
                28151.5,
                28225.19140625,
                28408.703125,
                28238.1171875,
                27650.359375,
                27705.1640625,
                27830.83984375,
                27751.1640625,
                27890.068359375,
                27932.67578125,
                28120.62890625,
                28111.400390625,
                28099.888671875,
                28007.556640625,
                27655.408203125,
                27659.703125,
                27918.65234375,
                28045.7734375,
                28120.23046875,
                27649.091796875,
                27989.55078125,
                27414.0,
                28077.505859375,
                27299.068359375,
                27668.052734375,
                27908.75,
                27722.640625,
                27542.3203125,
                27596.5625,
                27168.791015625,
                27288.544921875,
                27132.8046875,
                27482.25,
                27473.57421875,
                27495.04296875,
                27524.115234375,
                27648.96875,
                27541.404296875,
                27170.626953125,
                27139.36328125,
                27060.45703125,
                26947.3046875,
                27053.560546875,
                27161.80078125,
                27239.39453125,
                27289.43359375,
                27162.087890625,
                26995.31640625,
                26100.8515625,
                26793.89453125,
                26398.537109375,
                26657.697265625,
                26770.208984375,
                26301.35546875,
                26530.876953125,
                26551.091796875,
                26765.666015625,
                26909.900390625,
                26724.97265625,
                26736.66796875,
                26522.806640625,
                26307.94921875,
                26318.177734375,
                26528.5,
                26580.935546875,
                26447.515625,
                26287.109375,
                25910.158203125,
                26269.10546875
            ],