{
    "evaluation_frequency": {
        "frequency": 1,
        "period": "epoch"
    },
    "test": {
        "RISPOSTE": {
            "loss": [
                1.0841139554977417,
                0.9740727543830872,
                0.906642735004425,
                0.8713218569755554,
                0.848780632019043
            ],
            "next_token_perplexity": [
                16299.13671875,
                15879.9619140625,
                15592.3720703125,
                15495.3720703125,
                15350.1279296875
            ],
            "perplexity": [
                31987.158203125,
                31987.43359375,
                31990.423828125,
                31988.8046875,
                31988.591796875
            ],
            "sequence_accuracy": [
                0.0,
                0.0,
                0.0,
                0.0,
                0.0
            ],
            "token_accuracy": [
                3.666947304736823e-05,
                0.0001007270984700881,
                6.1008780903648585e-05,
                6.026164555805735e-05,
                8.017244545044377e-05
            ]
        },
        "combined": {
            "loss": [
                1.0841139554977417,
                0.9740727543830872,
                0.906642735004425,
                0.8713218569755554,
                0.848780632019043
            ]
        }
    },
    "training": {
        "RISPOSTE": {
            "loss": [
                1.452027678489685,
                1.024214267730713,
                0.8287140727043152,
                0.7426835298538208,
                0.6902024149894714
            ],
            "next_token_perplexity": [
                17333.53515625,
                16114.8935546875,
                15493.154296875,
                15190.0068359375,
                14889.2822265625
            ],
            "perplexity": [
                31985.845703125,
                31988.041015625,
                31987.798828125,
                31990.513671875,
                31992.466796875
            ],
            "sequence_accuracy": [
                0.0,
                0.0,
                0.0,
                0.0,
                0.0
            ],
            "token_accuracy": [
                5.687473822035827e-05,
                0.00015929901564959437,
                0.0001216666933032684,
                5.634035915136337e-05,
                5.6444481742801145e-05
            ]
        },
        "combined": {
            "loss": [
                1.452027678489685,
                1.024214267730713,
                0.8287140727043152,
                0.7426835298538208,
                0.6902024149894714
            ]
        }
    },
    "validation": {
        "RISPOSTE": {
            "loss": [
                1.0989688634872437,
                0.9884616136550903,
                0.9277088046073914,
                0.8855260014533997,
                0.8583782315254211
            ],
            "next_token_perplexity": [
                16312.2060546875,
                15897.828125,
                15655.5859375,
                15563.0439453125,
                15395.4638671875
            ],
            "perplexity": [
                31988.865234375,
                31990.23828125,
                31991.306640625,
                31988.865234375,
                31989.71875
            ],
            "sequence_accuracy": [
                0.0,
                0.0,
                0.0,
                0.0,
                0.0
            ],
            "token_accuracy": [
                6.229447899386287e-05,
                9.979996684705839e-05,
                9.67867745202966e-05,
                5.73444995097816e-05,
                0.0001179023165605031
            ]
        },
        "combined": {
            "loss": [
                1.0989688634872437,
                0.9884616136550903,
                0.9277088046073914,
                0.8855260014533997,
                0.8583782315254211
            ]
        }
    }
}