{
    "evaluation_frequency": {
        "frequency": 1,
        "period": "epoch"
    },
    "test": {
        "RISPOSTE": {
            "loss": [
                1.0837833881378174,
            	0.9657649397850037,
            	0.8960124254226685,
            	0.8564839959144592
            ],
            "next_token_perplexity": [
                16336.0029296875,
            	15943.580078125,
            	15571.94921875,
            	15481.453125
            ],
            "perplexity": [
                31985.5703125,
            	31986.548828125,
            	31987.951171875,
            	31986.2734375
            ],
            "sequence_accuracy": [
                0.0,
                0.0,
                0.0,
		0.0
            ],
            "token_accuracy": [
                0.00013728217163588852,
            	5.973558290861547e-05,
            	7.62845593271777e-05,
            	0.0001416226732544601
            ]
        },
        "combined": {
            "loss": [
                1.0837833881378174,
            	0.9657649397850037,
            	0.8960124254226685,
            	0.8564839959144592
            ]
        }
    },
    "training": {
        "RISPOSTE": {
            "loss": [
                1.4494439363479614,
            	1.0185576677322388,	
            	0.8239866495132446,
            	0.7780810594558716
            ],
            "next_token_perplexity": [
                17299.513671875,
            	16168.0087890625,
            	15494.546875,
            	15258.37890625
            ],
            "perplexity": [
               	31988.498046875,
               	31993.015625,
               	31992.892578125,
            	31992.283203125
            ],
            "sequence_accuracy": [
                0.0,
                0.0,
                0.0,
		0.0
            ],
            "token_accuracy": [
                3.8055914046708494e-05,
            	7.367059151874855e-05,
            	5.483827044372447e-05,
            	7.754240505164489e-05
            ]
        },
        "combined": {
            "loss": [
                1.4494439363479614,
            	1.0185576677322388,
            	0.8239866495132446,
            	0.7780810594558716
            ]
        }
    },
    "validation": {
        "RISPOSTE": {
            "loss": [
                1.1062653064727783,	
            	0.9898887276649475,
            	0.9231538772583008,
            	0.8830949664115906
            ],
            "next_token_perplexity": [
                16371.982421875,	
            	15962.4375,
            	15619.552734375,
            	15534.34765625
            ],
            "perplexity": [
                31989.384765625,	
            	31991.216796875,
            	31990.57421875,
            	31989.384765625
            ],
            "sequence_accuracy": [
                0.0,
                0.0,
                0.0,
		0.0
            ],
            "token_accuracy": [
                 3.657534398371354e-05,
            	 1.8876471585826948e-05,
            	 9.821004641707987e-05,
            	 7.468459807569161e-05
            ]
        },
        "combined": {
            "loss": [
                1.1062653064727783,
            	0.9898887276649475,
            	0.9231538772583008,
            	0.8830949664115906
            ]
        }
    }
}